GID_2,n_hosts,predicted,log_residual,type,COUNTRY,NAME_1,NAME_2,realm
ARG.4.2_1,5083,97.9233954173556,1.7109065273415793,Hotspot (Oversampled),Argentina,Chubut,Cushamen,Neotropic
ARG.14.9_1,719,22.40850208225658,1.4879588724921802,Hotspot (Oversampled),Argentina,Misiones,Iguazú,Neotropic
ARG.15.7_1,992,25.377287998648676,1.575719107314159,Hotspot (Oversampled),Argentina,Neuquén,Huiliches,Neotropic
ARG.16.3_1,2290,51.07407679193456,1.6434035099977957,Hotspot (Oversampled),Argentina,Río Negro,Bariloche,Neotropic
ARG.21.4_1,8502,46.9315482717556,2.2489507213966773,Hotspot (Oversampled),Argentina,Santa Fe,Constitución,Neotropic
BEL.3.3_1,0,551.5871777320154,-2.742400803300655,Coldspot (Undersampled),Belgium,Wallonie,Liège,Palearctic-West
BGR.11.1_1,131,1.2933487384214963,1.7601038303982954,Hotspot (Oversampled),Bulgaria,Pazardzhik,Batak,Palearctic-West
BGR.11.6_1,391,3.9669672929298296,1.8971947668091802,Hotspot (Oversampled),Bulgaria,Pazardzhik,Pazardzhik,Palearctic-West
BGR.11.7_1,194,0.6342817977562442,2.076707667698111,Hotspot (Oversampled),Bulgaria,Pazardzhik,Peshtera,Palearctic-West
BGR.20.4_1,224,1.130070947999782,2.0237884490333498,Hotspot (Oversampled),Bulgaria,Smolyan,Devin,Palearctic-West
BRA.8.64_2,126,2.2808761008832747,1.5878138909718325,Hotspot (Oversampled),Brazil,Espírito Santo,Santa Teresa,Neotropic
BRA.10.12_2,104,1.7153999690943234,1.5873554903469365,Hotspot (Oversampled),Brazil,Maranhão,Anajatuba,Neotropic
BRA.12.22_2,459,11.104455491056441,1.579812573843378,Hotspot (Oversampled),Brazil,Mato Grosso,Campo Novo do Parecis,Neotropic
BRA.11.22_2,143,4.026000145090954,1.4571399953014463,Hotspot (Oversampled),Brazil,Mato Grosso do Sul,Cassilândia,Neotropic
BRA.13.825_2,765,20.637532503599644,1.5490210363575483,Hotspot (Oversampled),Brazil,Minas Gerais,Uberlândia,Neotropic
BRA.16.57_2,90,2.1281114580393496,1.463759173269258,Hotspot (Oversampled),Brazil,Paraná,Campina Grande do Sul,Neotropic
BRA.16.125_2,1411,1.5800139900382484,2.7382126357990897,Hotspot (Oversampled),Brazil,Paraná,General Carneiro,Neotropic
BRA.16.159_2,74,0.720601178800216,1.63938104728763,Hotspot (Oversampled),Brazil,Paraná,Itambaracá,Neotropic
BRA.16.282_2,45,0.4101899487123824,1.5134802168123311,Hotspot (Oversampled),Brazil,Paraná,Porto Rico,Neotropic
BRA.17.176_2,218,0.5685891938350813,2.144934896053054,Hotspot (Oversampled),Brazil,Pernambuco,Triunfo,Neotropic
BRA.19.83_2,223,2.438242822778198,1.8139114732464579,Hotspot (Oversampled),Brazil,Rio de Janeiro,Silva Jardim,Neotropic
BRA.24.133_2,1545,0.6568217687151506,2.9699336975339694,Hotspot (Oversampled),Brazil,Santa Catarina,Jaborá,Neotropic
BRA.25.125_2,51,0.7499138384262956,1.472986678044059,Hotspot (Oversampled),Brazil,São Paulo,Cássia dos Coqueiros,Neotropic
BRA.25.173_2,412,2.047255508294343,2.132041180896145,Hotspot (Oversampled),Brazil,São Paulo,Espírito Santo do Pinhal,Neotropic
BRA.25.204_2,560,1.6838467631563145,2.3202051455175776,Hotspot (Oversampled),Brazil,São Paulo,Guará,Neotropic
BRA.25.213_2,195,1.614367758642626,1.8748893923525085,Hotspot (Oversampled),Brazil,São Paulo,Guariba,Neotropic
BRA.25.420_2,145,1.975053191093589,1.6908581208822477,Hotspot (Oversampled),Brazil,São Paulo,Pedreira,Neotropic
BRA.25.579_2,414,5.00592761210608,1.8394680032567794,Hotspot (Oversampled),Brazil,São Paulo,Sertãozinho,Neotropic
BRA.25.620_2,124,0.7279094232580047,1.8593890399174031,Hotspot (Oversampled),Brazil,São Paulo,Tupi Paulista,Neotropic
CAF.1.2_1,0,818.9683028239314,-2.9137970643657574,Coldspot (Undersampled),Central African Republic,Bamingui-Bangoran,Ndélé,Afrotropic
CAF.2.1_1,329,7.304604950188936,1.5991949619747245,Hotspot (Oversampled),Central African Republic,Bangui,Bangui,Afrotropic
CAF.5.2_1,0,499.0147604758778,-2.6989828249332297,Coldspot (Undersampled),Central African Republic,Haute-Kotto,Ouadda,Afrotropic
CAF.5.3_1,0,601.1264506011493,-2.7796877055957987,Coldspot (Undersampled),Central African Republic,Haute-Kotto,Yalinga,Afrotropic
CAF.8.2_1,0,493.029058750976,-2.6937524948427507,Coldspot (Undersampled),Central African Republic,Mambéré-Kadéï,Carnot,Afrotropic
CAF.15.1_1,0,492.20920985077095,-2.6930311777169305,Coldspot (Undersampled),Central African Republic,Ouham,Batangafo,Afrotropic
CAF.14.1_1,0,463.7922182588126,-2.667258848307515,Coldspot (Undersampled),Central African Republic,Ouham-Pendé,Bocaranga,Afrotropic
CAF.17.1_1,0,937.5173097328944,-2.972442287028919,Coldspot (Undersampled),Central African Republic,Vakaga,Birao,Afrotropic
CAN.2.14_1,725,21.617413653311267,1.5064936797178592,Hotspot (Oversampled),Canada,British Columbia,Greater Vancouver,Nearctic
CAN.3.6_1,244,4.5505816468915805,1.644827589025705,Hotspot (Oversampled),Canada,Manitoba,Division No. 15,Nearctic
CHL.2.1_1,0,1214.196730998674,-3.0846465925605013,Coldspot (Undersampled),Chile,Antofagasta,Antofagasta,Neotropic
CHL.2.2_1,0,670.6443749767739,-2.8271393818836668,Coldspot (Undersampled),Chile,Antofagasta,El Loa,Neotropic
CHL.5.2_1,0,526.9420785947219,-2.7225862779759686,Coldspot (Undersampled),Chile,Atacama,Copiapó,Neotropic
CHL.15.1_1,0,791.600196742839,-2.899054175800743,Coldspot (Undersampled),Chile,Tarapacá,NA,Neotropic
CHN.1.6_1,0,566.0844055751095,-2.7536477046554255,Coldspot (Undersampled),China,Anhui,Chuzhou,Palearctic-East
CHN.1.7_1,0,653.7114940712398,-2.8160499654338276,Coldspot (Undersampled),China,Anhui,Fuyang,Palearctic-East
CHN.1.8_1,1,1170.0889297912595,-2.7675598799815346,Coldspot (Undersampled),China,Anhui,Hefei,Palearctic-East
CHN.4.1_1,0,856.8102800342236,-2.9333912465374508,Coldspot (Undersampled),China,Fujian,Fuzhou,Indomalayan
CHN.4.9_1,0,546.9372306865243,-2.738730810440883,Coldspot (Undersampled),China,Fujian,Zhangzhou,Indomalayan
CHN.5.6_1,0,697.066387333354,-2.843896726751428,Coldspot (Undersampled),China,Gansu,Jiuquan,Palearctic-East
CHN.6.3_1,0,912.4632578523074,-2.9606910834532982,Coldspot (Undersampled),China,Guangdong,Foshan,Indomalayan
CHN.6.6_1,0,856.7633705401211,-2.9333674964239704,Coldspot (Undersampled),China,Guangdong,Huizhou,Indomalayan
CHN.6.7_1,0,520.2580505570947,-2.7170527754840164,Coldspot (Undersampled),China,Guangdong,Jiangmen,Indomalayan
CHN.6.12_1,0,527.1742644056798,-2.722777236138425,Coldspot (Undersampled),China,Guangdong,Shantou,Indomalayan
CHN.6.18_1,0,805.8486626252401,-2.9067920834825847,Coldspot (Undersampled),China,Guangdong,Zhanjiang,Indomalayan
CHN.6.20_1,0,572.4411161565846,-2.758488828965791,Coldspot (Undersampled),China,Guangdong,Zhongshan,Indomalayan
CHN.10.11_1,0,571.3747793230391,-2.7576804890951685,Coldspot (Undersampled),China,Hebei,Zhangjiakou,Palearctic-East
CHN.12.8_1,0,564.635758825865,-2.752536857241906,Coldspot (Undersampled),China,Henan,Nanyang,Palearctic-East
CHN.12.12_1,0,776.4476345286456,-2.890671146507703,Coldspot (Undersampled),China,Henan,Shangqiu,Palearctic-East
CHN.12.13_1,0,494.9570728162926,-2.695444088091404,Coldspot (Undersampled),China,Henan,Xinxiang,Palearctic-East
CHN.12.16_1,0,840.3348307257284,-2.9249688688025244,Coldspot (Undersampled),China,Henan,Zhengzhou,Palearctic-East
CHN.12.17_1,0,694.2588669016628,-2.8421465362947846,Coldspot (Undersampled),China,Henan,Zhoukou,Palearctic-East
CHN.12.18_1,0,502.85774159514693,-2.7023079357289905,Coldspot (Undersampled),China,Henan,Zhumadian,Palearctic-East
CHN.15.1_1,0,671.7842632106467,-2.827875824524831,Coldspot (Undersampled),China,Jiangsu,Changzhou,Palearctic-East
CHN.15.2_1,0,642.9870448804068,-2.8088771307238742,Coldspot (Undersampled),China,Jiangsu,Huai'an,Palearctic-East
CHN.15.3_1,0,637.6125867593737,-2.8052374740315984,Coldspot (Undersampled),China,Jiangsu,Lianyungang,Palearctic-East
CHN.15.4_1,0,1078.1516617304655,-3.0330824838155475,Coldspot (Undersampled),China,Jiangsu,Nanjing,Palearctic-East
CHN.15.5_1,0,1347.7406574296967,-3.1299284493938164,Coldspot (Undersampled),China,Jiangsu,Nantong,Palearctic-East
CHN.15.7_1,0,2049.2031625724126,-3.3117968991105537,Coldspot (Undersampled),China,Jiangsu,Suzhou,Palearctic-East
CHN.15.8_1,0,914.8036721425087,-2.9618023806068683,Coldspot (Undersampled),China,Jiangsu,Taizhou,Palearctic-East
CHN.15.9_1,0,1018.3276856070895,-3.0083138200945676,Coldspot (Undersampled),China,Jiangsu,Wuxi,Palearctic-East
CHN.15.10_1,0,787.429651044249,-2.89676294874129,Coldspot (Undersampled),China,Jiangsu,Xuzhou,Palearctic-East
CHN.15.11_1,0,905.549149464088,-2.957391354777255,Coldspot (Undersampled),China,Jiangsu,Yancheng,Palearctic-East
CHN.15.12_1,0,569.4026383691715,-2.7561815256560855,Coldspot (Undersampled),China,Jiangsu,Yangzhou,Palearctic-East
CHN.15.13_1,0,654.0921356241315,-2.81630238576144,Coldspot (Undersampled),China,Jiangsu,Zhenjiang,Palearctic-East
CHN.16.2_1,0,810.9576603738899,-2.909533383495614,Coldspot (Undersampled),China,Jiangxi,Ganzhou,Indomalayan
CHN.16.8_1,0,482.98875878798935,-2.6848352747579645,Coldspot (Undersampled),China,Jiangxi,Shangrao,Palearctic-East
CHN.17.3_1,0,766.4433539227948,-2.885046329443492,Coldspot (Undersampled),China,Jilin,Changchun,Palearctic-East
CHN.18.4_1,0,674.0487601956573,-2.829335143970415,Coldspot (Undersampled),China,Liaoning,Dalian,Palearctic-East
CHN.18.12_1,0,1194.865315390429,-3.077682269889439,Coldspot (Undersampled),China,Liaoning,Shenyang,Palearctic-East
CHN.19.4_1,0,894.1626601708981,-2.951901958216509,Coldspot (Undersampled),China,Nei Mongol,Chifeng,Palearctic-East
CHN.19.7_1,0,955.0815517504009,-2.9804949382642043,Coldspot (Undersampled),China,Nei Mongol,Ordos,Palearctic-East
CHN.19.8_1,0,558.0546235105827,-2.7474542435398313,Coldspot (Undersampled),China,Nei Mongol,Tongliao,Palearctic-East
CHN.21.1_1,0,526.0264335309543,-2.7218323982272183,Coldspot (Undersampled),China,Qinghai,Golog Tibetan,Palearctic-East
CHN.21.2_1,0,1111.3246299721343,-3.0462315538201796,Coldspot (Undersampled),China,Qinghai,Gyêgu Tibetan,Palearctic-East
CHN.21.6_1,0,1263.0631108132777,-3.101768757485708,Coldspot (Undersampled),China,Qinghai,Haixi Mongol and Tibetan,Palearctic-East
CHN.22.5_1,6443,38.13023190736421,2.2166431099699313,Hotspot (Oversampled),China,Shaanxi,Tongchuan,Palearctic-East
CHN.22.7_1,11558,372.54838168344577,1.4905734044691576,Hotspot (Oversampled),China,Shaanxi,Xi'an,Palearctic-East
CHN.22.10_1,0,736.9681596894151,-2.8680376241949967,Coldspot (Undersampled),China,Shaanxi,Yulin,Palearctic-East
CHN.23.4_1,0,550.0210593291929,-2.7411681973557513,Coldspot (Undersampled),China,Shandong,Heze,Palearctic-East
CHN.23.5_1,0,593.725058630061,-2.7743162378022594,Coldspot (Undersampled),China,Shandong,Jinan,Palearctic-East
CHN.23.8_1,0,590.5395254649026,-2.771983768605202,Coldspot (Undersampled),China,Shandong,Liaocheng,Palearctic-East
CHN.24.1_1,0,4166.224277692248,-3.619846874573677,Coldspot (Undersampled),China,Shanghai,Shanghai,Palearctic-East
CHN.26.2_1,0,529.264318478491,-2.7244924043969734,Coldspot (Undersampled),China,Sichuan,Chengdu,Palearctic-East
CHN.26.5_1,0,1020.3010144814659,-3.0091537633024834,Coldspot (Undersampled),China,Sichuan,Garzê Tibetan,Palearctic-East
CHN.26.16_1,0,563.7516908279284,-2.7518575398423164,Coldspot (Undersampled),China,Sichuan,Ngawa Tibetan and Qiang,Palearctic-East
CHN.27.1_1,0,2118.5883583609675,-3.3262515255273852,Coldspot (Undersampled),China,Tianjin,Tianjin,Palearctic-East
CHN.28.1_1,0,781.5604531470834,-2.893517896958526,Coldspot (Undersampled),China,Xinjiang Uygur,Aksu,Palearctic-East
CHN.28.2_1,0,587.4796745420999,-2.769731467372065,Coldspot (Undersampled),China,Xinjiang Uygur,Altay,Palearctic-East
CHN.28.6_1,0,574.5269979392082,-2.760065701173466,Coldspot (Undersampled),China,Xinjiang Uygur,Hami,Palearctic-East
CHN.28.9_1,0,638.7634337213889,-2.806019413949324,Coldspot (Undersampled),China,Xinjiang Uygur,Kashgar,Palearctic-East
CHN.28.10_1,0,984.7922564407594,-2.9937854023779904,Coldspot (Undersampled),China,Xinjiang Uygur,Khotan,Palearctic-East
CHN.29.1_1,0,878.6420284204929,-2.9443059713425135,Coldspot (Undersampled),China,Xizang,Chamdo,Palearctic-East
CHN.29.4_1,0,1264.5232135046842,-3.102270115835266,Coldspot (Undersampled),China,Xizang,Ngari,Palearctic-East
CHN.31.2_1,0,551.1729743826093,-2.7420751466644746,Coldspot (Undersampled),China,Zhejiang,Huzhou,Palearctic-East
CHN.31.3_1,0,897.1917692274018,-2.9533690709944542,Coldspot (Undersampled),China,Zhejiang,Jiaxing,Palearctic-East
COL.2.75_2,249,1.62429193931082,1.9789278621988897,Hotspot (Oversampled),Colombia,Antioquia,Necoclí,Neotropic-Upper
COL.14.14_2,362,9.795825965198743,1.5266507501671074,Hotspot (Oversampled),Colombia,Córdoba,Montería,Neotropic-Upper
COL.29.2_2,210,1.43570761723215,1.9376573009935627,Hotspot (Oversampled),Colombia,Sucre,Caimito,Neotropic-Upper
COL.29.19_2,288,1.2486105546195918,2.1089835979146665,Hotspot (Oversampled),Colombia,Sucre,San Marcos,Neotropic-Upper
COL.29.23_2,126,1.885570608319982,1.643572015235009,Hotspot (Oversampled),Colombia,Sucre,Sincelejo,Neotropic-Upper
CZE.2.3_1,2753,36.623250003999544,1.8645076274859578,Hotspot (Oversampled),Czechia,Jihomoravský,Brno,Palearctic-West
DEU.1.4_1,1430,25.95189283634085,1.725050362585405,Hotspot (Oversampled),Germany,Baden-Württemberg,Böblingen,Palearctic-West
DEU.1.41_1,831,9.865745442504677,1.884063799917569,Hotspot (Oversampled),Germany,Baden-Württemberg,Tübingen,Palearctic-West
DEU.13.9_1,197,4.913436368778193,1.5248252622923686,Hotspot (Oversampled),Germany,Sachsen-Anhalt,Magdeburg,Palearctic-West
DEU.16.6_1,873,19.341529182883992,1.6331278345528333,Hotspot (Oversampled),Germany,Thüringen,Gotha,Palearctic-West
DEU.16.9_1,1876,13.200441571840518,2.1211624233627946,Hotspot (Oversampled),Germany,Thüringen,Ilm-Kreis,Palearctic-West
EGY.1.1_1,0,811.0132966188748,-2.90956314081867,Coldspot (Undersampled),Egypt,Ad Daqahliyah,Aja,Palearctic-South
EGY.1.3_1,0,981.5753501860812,-2.9923658648136158,Coldspot (Undersampled),Egypt,Ad Daqahliyah,Al-Mansurah,Palearctic-South
EGY.1.8_1,0,623.547336866134,-2.795565360821671,Coldspot (Undersampled),Egypt,Ad Daqahliyah,As-Sinbillawayn,Palearctic-South
EGY.1.10_1,0,825.7826941480558,-2.9173913775891855,Coldspot (Undersampled),Egypt,Ad Daqahliyah,Bilqas,Palearctic-South
EGY.1.15_1,0,1082.3161170319058,-3.034755204409254,Coldspot (Undersampled),Egypt,Ad Daqahliyah,Mit Ghamr,Palearctic-South
EGY.1.18_1,0,599.7708115639513,-2.7787088243212668,Coldspot (Undersampled),Egypt,Ad Daqahliyah,Shirbin,Palearctic-South
EGY.2.3_1,0,640.4194779422716,-2.807142143984075,Coldspot (Undersampled),Egypt,Al Bahr al Ahmar,Al-Qusayr,Palearctic-South
EGY.2.4_1,0,1276.8857194500747,-3.1064920168650976,Coldspot (Undersampled),Egypt,Al Bahr al Ahmar,Ash-Shalatin,Palearctic-South
EGY.2.5_1,0,913.4230854166277,-2.9611471816725454,Coldspot (Undersampled),Egypt,Al Bahr al Ahmar,Marsa 'Alam,Palearctic-South
EGY.3.1_1,0,1144.059443173564,-3.0588280326778006,Coldspot (Undersampled),Egypt,Al Buhayrah,Abu al-Matamir,Palearctic-South
EGY.3.2_1,0,718.4785595440334,-2.857017856492978,Coldspot (Undersampled),Egypt,Al Buhayrah,Abu Hummus,Palearctic-South
EGY.3.3_1,0,753.195613388727,-2.8774840020995534,Coldspot (Undersampled),Egypt,Al Buhayrah,Ad-Dilinat,Palearctic-South
EGY.3.6_1,0,682.1495710366504,-2.834515799968947,Coldspot (Undersampled),Egypt,Al Buhayrah,Badr,Palearctic-South
EGY.3.7_1,0,554.9248200888466,-2.745016064193256,Coldspot (Undersampled),Egypt,Al Buhayrah,Damanhur,Palearctic-South
EGY.3.10_1,0,551.930192869182,-2.74267030532753,Coldspot (Undersampled),Egypt,Al Buhayrah,Ityay al-Barud,Palearctic-South
EGY.3.11_1,0,2039.2811188140306,-3.309690010532945,Coldspot (Undersampled),Egypt,Al Buhayrah,Kafr ad-Dawwar,Palearctic-South
EGY.3.12_1,0,545.2032845334849,-2.7373543073937534,Coldspot (Undersampled),Egypt,Al Buhayrah,Kawm Hamadah,Palearctic-South
EGY.3.15_1,0,988.477453341387,-2.9954059026343995,Coldspot (Undersampled),Egypt,Al Buhayrah,Al Buhayrah (unincorporated),Palearctic-South
EGY.4.1_1,0,1177.95521339103,-3.071497307260838,Coldspot (Undersampled),Egypt,Al Fayyum,Al-Fayyum,Palearctic-South
EGY.4.5_1,0,500.50036707034985,-2.7002712552359367,Coldspot (Undersampled),Egypt,Al Fayyum,Sinnuris,Palearctic-South
EGY.4.6_1,0,482.711252651057,-2.6845861905669075,Coldspot (Undersampled),Egypt,Al Fayyum,Tamiyah,Palearctic-South
EGY.4.7_1,0,810.1612730313277,-2.9091072081255054,Coldspot (Undersampled),Egypt,Al Fayyum,Al Fayyum (unincorporated),Palearctic-South
EGY.5.1_1,0,750.4911462817918,-2.8759238682980266,Coldspot (Undersampled),Egypt,Al Gharbiyah,Al-Mahallah al-Kubra,Palearctic-South
EGY.5.4_1,0,826.8190426631664,-2.917935412434894,Coldspot (Undersampled),Egypt,Al Gharbiyah,As-Santah,Palearctic-South
EGY.5.6_1,0,486.91699671191145,-2.688345947133833,Coldspot (Undersampled),Egypt,Al Gharbiyah,Kafr az-Zayyat,Palearctic-South
EGY.5.8_1,0,473.9543408354728,-2.6766518612536756,Coldspot (Undersampled),Egypt,Al Gharbiyah,Samannud,Palearctic-South
EGY.5.9_1,0,791.0101772939852,-2.898730762289267,Coldspot (Undersampled),Egypt,Al Gharbiyah,Tanta,Palearctic-South
EGY.5.12_1,0,851.2554534360172,-2.93056978888549,Coldspot (Undersampled),Egypt,Al Gharbiyah,Zifta,Palearctic-South
EGY.6.2_1,0,2936.6582542095907,-3.4680012717321116,Coldspot (Undersampled),Egypt,Al Iskandariyah,Al-'Amriyah,Palearctic-South
EGY.6.6_1,861,2.554510600256674,2.3847274521061124,Hotspot (Oversampled),Egypt,Al Iskandariyah,Al-Manshiyah,Palearctic-South
EGY.7.2_1,0,659.5181674832828,-2.8198847673392384,Coldspot (Undersampled),Egypt,Al Isma`iliyah,Al-Qantarah ash-Sharqiyah,Palearctic-South
EGY.7.3_1,0,895.1244872738802,-2.952368344908459,Coldspot (Undersampled),Egypt,Al Isma`iliyah,At-Tall al-Kabir,Palearctic-South
EGY.7.5_1,0,584.6829124466707,-2.767662553482672,Coldspot (Undersampled),Egypt,Al Isma`iliyah,Ismailia,Palearctic-South
EGY.8.6_1,0,832.5157191400185,-2.9209137945316277,Coldspot (Undersampled),Egypt,Al Jizah,Al-Badrashayn,Palearctic-South
EGY.8.9_1,0,849.9410810953149,-2.9298994907061835,Coldspot (Undersampled),Egypt,Al Jizah,Al-Warraq,Palearctic-South
EGY.8.13_1,0,878.4635194842514,-2.9442178294497903,Coldspot (Undersampled),Egypt,Al Jizah,Giza,Palearctic-South
EGY.8.14_1,0,1088.7798532417264,-3.037338774840963,Coldspot (Undersampled),Egypt,Al Jizah,Imbabah,Palearctic-South
EGY.8.15_1,0,691.2986850874681,-2.8402935067381168,Coldspot (Undersampled),Egypt,Al Jizah,Kirdasah,Palearctic-South
EGY.8.19_1,0,5249.386301601694,-3.7201912581644243,Coldspot (Undersampled),Egypt,Al Jizah,Al Jizah (unincorporated),Palearctic-South
EGY.9.1_1,0,830.5201498220435,-2.9198727777293145,Coldspot (Undersampled),Egypt,Al Minufiyah,Al-Bajur,Palearctic-South
EGY.9.3_1,0,1290.7049868451202,-3.111163336247974,Coldspot (Undersampled),Egypt,Al Minufiyah,Ashmun,Palearctic-South
EGY.9.4_1,0,562.7134539537038,-2.751058400099817,Coldspot (Undersampled),Egypt,Al Minufiyah,Birkat as-Sab',Palearctic-South
EGY.9.7_1,0,1226.6387838221679,-3.0890706002989576,Coldspot (Undersampled),Egypt,Al Minufiyah,Quwaysina,Palearctic-South
EGY.9.9_1,0,561.1630823542922,-2.7498623217832368,Coldspot (Undersampled),Egypt,Al Minufiyah,Shibin al-Kawm,Palearctic-South
EGY.9.11_1,0,532.277827885812,-2.726953527378698,Coldspot (Undersampled),Egypt,Al Minufiyah,Tala,Palearctic-South
EGY.10.7_1,0,581.5787978532428,-2.7653546750343625,Coldspot (Undersampled),Egypt,Al Minya,Maghaghah,Palearctic-South
EGY.10.12_1,0,673.4526267221274,-2.828951450411621,Coldspot (Undersampled),Egypt,Al Minya,Samalut,Palearctic-South
EGY.10.13_1,0,2762.2777754179438,-3.4414245440795956,Coldspot (Undersampled),Egypt,Al Minya,Al Minya (unincorporated),Palearctic-South
EGY.11.8_1,0,462.1853697375872,-2.6657548332267624,Coldspot (Undersampled),Egypt,Al Qahirah,Al-Khalifa,Palearctic-South
EGY.11.14_1,0,602.4921667005342,-2.7806716373483447,Coldspot (Undersampled),Egypt,Al Qahirah,An-Nuzhah,Palearctic-South
EGY.11.20_1,0,851.3755008694002,-2.930630958651109,Coldspot (Undersampled),Egypt,Al Qahirah,Ash-Shruq,Palearctic-South
EGY.11.31_1,0,689.8975214006492,-2.83941363465241,Coldspot (Undersampled),Egypt,Al Qahirah,Nasr City 1,Palearctic-South
EGY.11.34_1,0,502.9176759036972,-2.702359592356169,Coldspot (Undersampled),Egypt,Al Qahirah,New Cairo 2,Palearctic-South
EGY.11.40_1,0,1357.8241164785165,-3.1331632461466206,Coldspot (Undersampled),Egypt,Al Qahirah,Al Qahirah (unincorporated),Palearctic-South
EGY.12.2_1,0,1903.199512803771,-3.2797124497051495,Coldspot (Undersampled),Egypt,Al Qalyubiyah,Al-Khankah,Palearctic-South
EGY.12.4_1,0,902.355990401638,-2.955858928829662,Coldspot (Undersampled),Egypt,Al Qalyubiyah,Al-Qanatir al-Khayriyah,Palearctic-South
EGY.12.5_1,0,957.7565827980848,-2.9817083588220377,Coldspot (Undersampled),Egypt,Al Qalyubiyah,Banha,Palearctic-South
EGY.12.8_1,0,1393.7149032997763,-3.1444854416041723,Coldspot (Undersampled),Egypt,Al Qalyubiyah,Qalyub,Palearctic-South
EGY.12.9_1,0,878.6056383040543,-2.9442880045410607,Coldspot (Undersampled),Egypt,Al Qalyubiyah,Shibin al-Qanatir,Palearctic-South
EGY.12.12_1,0,1111.1735499679733,-3.046172562347113,Coldspot (Undersampled),Egypt,Al Qalyubiyah,Tukh,Palearctic-South
EGY.12.13_1,0,834.5759442353246,-2.9219859283927123,Coldspot (Undersampled),Egypt,Al Qalyubiyah,Al Qalyubiyah (unincorporated),Palearctic-South
EGY.14.1_1,0,5702.597684786593,-3.756148884052915,Coldspot (Undersampled),Egypt,Al Wadi al Jadid,Al-Wahat al-Kharijah,Palearctic-South
EGY.14.2_1,0,1245.7621145021894,-3.095783596851011,Coldspot (Undersampled),Egypt,Al Wadi al Jadid,Baris Shurtah,Palearctic-South
EGY.14.3_1,0,7300.4738702832,-3.8634105353426826,Coldspot (Undersampled),Egypt,Al Wadi al Jadid,Shurtah al-Dakhlah,Palearctic-South
EGY.14.4_1,0,1425.4328500468732,-3.1542513318707543,Coldspot (Undersampled),Egypt,Al Wadi al Jadid,Shurtah al-Farafirah,Palearctic-South
EGY.15.1_1,0,604.4265754707588,-2.7820614805898134,Coldspot (Undersampled),Egypt,As Suways,'Ataqah,Palearctic-South
EGY.15.3_1,0,551.5659101673215,-2.7423840881756782,Coldspot (Undersampled),Egypt,As Suways,Al-Janayin,Palearctic-South
EGY.16.3_1,0,877.3213829037661,-2.9436534558639034,Coldspot (Undersampled),Egypt,Ash Sharqiyah,Abu Hammad,Palearctic-South
EGY.16.4_1,0,661.2250537031315,-2.8210056072212386,Coldspot (Undersampled),Egypt,Ash Sharqiyah,Abu Kabir,Palearctic-South
EGY.16.5_1,0,916.4050359759051,-2.962561119805713,Coldspot (Undersampled),Egypt,Ash Sharqiyah,Al-Husayniyah,Palearctic-South
EGY.16.10_1,0,780.6342802180428,-2.8930035980278404,Coldspot (Undersampled),Egypt,Ash Sharqiyah,Bilbays,Palearctic-South
EGY.16.11_1,0,822.8589067032988,-2.915852841203269,Coldspot (Undersampled),Egypt,Ash Sharqiyah,Diyarb Najm,Palearctic-South
EGY.16.12_1,0,600.3825406119518,-2.7791508154739204,Coldspot (Undersampled),Egypt,Ash Sharqiyah,Faqus,Palearctic-South
EGY.16.16_1,0,1523.4455228370603,-3.1831119091513913,Coldspot (Undersampled),Egypt,Ash Sharqiyah,Minya al-Qamh,Palearctic-South
EGY.16.17_1,0,806.1924623751834,-2.906977097772773,Coldspot (Undersampled),Egypt,Ash Sharqiyah,New Salhiyah,Palearctic-South
EGY.16.18_1,0,1655.144562361257,-3.21909824301384,Coldspot (Undersampled),Egypt,Ash Sharqiyah,Ash Sharqiyah (unincorporated),Palearctic-South
EGY.16.19_1,0,1220.4698375917899,-3.0868827471758657,Coldspot (Undersampled),Egypt,Ash Sharqiyah,Zaqaziq,Palearctic-South
EGY.17.9_1,0,3851.032419109499,-3.5856899335358605,Coldspot (Undersampled),Egypt,Aswan,Aswan (unincorporated),Palearctic-South
EGY.18.7_1,0,501.93837596012776,-2.7015147750757893,Coldspot (Undersampled),Egypt,Asyut,Asyut,Palearctic-South
EGY.18.15_1,0,2537.44281415477,-3.4045673840980117,Coldspot (Undersampled),Egypt,Asyut,Asyut (unincorporated),Palearctic-South
EGY.19.3_1,0,516.7826134057667,-2.7141474631928877,Coldspot (Undersampled),Egypt,Bani Suwayf,Bani Suwayf,Palearctic-South
EGY.19.9_1,0,1267.3216159101908,-3.103229394164286,Coldspot (Undersampled),Egypt,Bani Suwayf,Bani Suwayf (unincorporated),Palearctic-South
EGY.21.1_1,0,859.3530129444617,-2.9346766839374605,Coldspot (Undersampled),Egypt,Dumyat,Damietta,Palearctic-South
EGY.22.6_1,0,467.97785806656333,-2.671152338777961,Coldspot (Undersampled),Egypt,Janub Sina',Ras Sidr,Palearctic-South
EGY.22.8_1,0,471.5190309968779,-2.674419304677,Coldspot (Undersampled),Egypt,Janub Sina',Sharm el-Sheikh,Palearctic-South
EGY.23.5_1,0,540.3226501290023,-2.7334561993065427,Coldspot (Undersampled),Egypt,Kafr ash Shaykh,Disuq,Palearctic-South
EGY.23.7_1,0,636.5091206168689,-2.8044864024475507,Coldspot (Undersampled),Egypt,Kafr ash Shaykh,Kafr ash-Shaykh,Palearctic-South
EGY.23.8_1,0,554.9314176869049,-2.74502121827763,Coldspot (Undersampled),Egypt,Kafr ash Shaykh,Mutubis,Palearctic-South
EGY.24.1_1,0,1259.8576139580987,-3.100666045364711,Coldspot (Undersampled),Egypt,Matrouh,Ad-Dab'ah,Palearctic-South
EGY.24.2_1,0,1693.6837561275486,-3.2290886666791088,Coldspot (Undersampled),Egypt,Matrouh,Al-Hammam,Palearctic-South
EGY.24.3_1,0,514.8669657516572,-2.712537718121203,Coldspot (Undersampled),Egypt,Matrouh,As-Salum,Palearctic-South
EGY.24.4_1,0,524.7091377897917,-2.7207455259193067,Coldspot (Undersampled),Egypt,Matrouh,Marina al-'Alamayn as-Siyahiyah,Palearctic-South
EGY.24.5_1,0,2536.7506819149426,-3.4044489531459217,Coldspot (Undersampled),Egypt,Matrouh,Marsa Matruh,Palearctic-South
EGY.24.6_1,0,879.4382859520755,-2.9446989196334616,Coldspot (Undersampled),Egypt,Matrouh,Sidi Barrani,Palearctic-South
EGY.24.7_1,0,1353.292822804491,-3.1317125768888556,Coldspot (Undersampled),Egypt,Matrouh,Siwa,Palearctic-South
EGY.25.13_1,0,1806.1697812903903,-3.2569989558889785,Coldspot (Undersampled),Egypt,Qina,Qina (unincorporated),Palearctic-South
EGY.26.6_1,0,474.316550998719,-2.6769829371272125,Coldspot (Undersampled),Egypt,Shamal Sina',Bir al-'Abd,Palearctic-South
EGY.27.18_1,0,1311.5197031503935,-3.1181058316248627,Coldspot (Undersampled),Egypt,Suhaj,Suhaj (unincorporated),Palearctic-South
ESP.6.1_1,0,532.6250369442283,-2.7272361978793236,Coldspot (Undersampled),Spain,Cataluña,Barcelona,Palearctic-West
EST.12.4_1,59,0.4821758400378792,1.607251520540568,Hotspot (Oversampled),Estonia,Saare,Kuressaare,Palearctic-West
FIN.5.3_1,0,1164.701055739834,-3.066587189798117,Coldspot (Undersampled),Finland,Western Finland,Finland Proper,Palearctic-West
FIN.5.4_1,3,2461.868251702166,-2.7893811890498674,Coldspot (Undersampled),Finland,Western Finland,Ostrobothnia,Palearctic-North
FIN.5.6_1,1,1292.1311185988227,-2.810612567265051,Coldspot (Undersampled),Finland,Western Finland,Pirkanmaa,Palearctic-North
FRA.1.8_1,0,533.8549235514854,-2.728235998011372,Coldspot (Undersampled),France,Auvergne-Rhône-Alpes,Isère,Palearctic-West
FRA.7.2_1,0,856.5783384068918,-2.9332738026318483,Coldspot (Undersampled),France,Hauts-de-France,Nord,Palearctic-West
FRA.7.4_1,0,599.9892699997116,-2.77886671822318,Coldspot (Undersampled),France,Hauts-de-France,Pas-de-Calais,Palearctic-West
FRA.8.1_1,0,579.9377162100811,-2.7641295730852624,Coldspot (Undersampled),France,Île-de-France,Essonne,Palearctic-West
FRA.8.4_1,0,643.2514134846957,-2.8090553800641223,Coldspot (Undersampled),France,Île-de-France,Seine-et-Marne,Palearctic-West
FRA.8.5_1,0,652.3164177966327,-2.815123572117398,Coldspot (Undersampled),France,Île-de-France,Seine-Saint-Denis,Palearctic-West
FRA.8.8_1,0,1100.978599786706,-3.04217316068202,Coldspot (Undersampled),France,Île-de-France,Yvelines,Palearctic-West
FRA.9.5_1,0,550.9523460666791,-2.741901583646472,Coldspot (Undersampled),France,Normandie,Seine-Maritime,Palearctic-West
FRA.10.7_1,0,690.0146739428718,-2.839487269870222,Coldspot (Undersampled),France,Nouvelle-Aquitaine,Gironde,Palearctic-West
FRA.11.4_1,0,514.2844996319183,-2.7120470785651434,Coldspot (Undersampled),France,Occitanie,Gard,Palearctic-West
FRA.11.6_1,0,471.0972810552261,-2.674031499210937,Coldspot (Undersampled),France,Occitanie,Haute-Garonne,Palearctic-West
FRA.11.8_1,0,474.4853074872851,-2.677137101766007,Coldspot (Undersampled),France,Occitanie,Hérault,Palearctic-West
FRA.12.1_1,0,576.8142929728513,-2.761788280468485,Coldspot (Undersampled),France,Pays de la Loire,Loire-Atlantique,Palearctic-West
FRA.13.3_1,0,955.1318128816732,-2.980517768490553,Coldspot (Undersampled),France,Provence-Alpes-Côte d'Azur,Bouches-du-Rhône,Palearctic-West
GIN.4.3_1,0,472.4645386259643,-2.6752874569279146,Coldspot (Undersampled),Guinea,Kankan,Kouroussa,Afrotropic
HRV.4.3_1,141,1.8527438588450191,1.6970255652545698,Hotspot (Oversampled),Croatia,Grad Zagreb,Orle,Palearctic-West
HRV.9.9_1,310,3.0627613263900226,1.883939079296146,Hotspot (Oversampled),Croatia,Licko-Senjska,Plitvička Jezera,Palearctic-West
HRV.13.4_1,94,1.281730453824211,1.6194592664033742,Hotspot (Oversampled),Croatia,Primorsko-Goranska,Čabar,Palearctic-West
HRV.21.15_1,80,1.1994128215644329,1.5661782664161208,Hotspot (Oversampled),Croatia,Zagrebačka,Križ,Palearctic-West
HUN.2.1_1,5471,45.15753171343878,2.0739035119589806,Hotspot (Oversampled),Hungary,Baranya,Komlói,Palearctic-West
HUN.5.1_1,0,913.072214191877,-2.9609805075348863,Coldspot (Undersampled),Hungary,Budapest,Budapesti,Palearctic-West
IDN.4.8_1,0,1298.2411936281426,-3.1136897818184184,Coldspot (Undersampled),Indonesia,Banten,Tangerang,Indomalayan
IDN.7.6_1,229,0.5429540774465454,2.173374835559338,Hotspot (Oversampled),Indonesia,Jakarta Raya,Kepulauan Seribu,Indomalayan
IND.16.26_1,155,1.1878305591045877,1.8531109141918656,Hotspot (Oversampled),India,Karnataka,Shimoga,Indomalayan
IND.26.20_1,64,1.0299251522352815,1.5054333318185469,Hotspot (Oversampled),India,Odisha,Koraput,Indomalayan
IND.29.24_1,55,1.0884959404413632,1.4283543915734247,Hotspot (Oversampled),India,Rajasthan,Kota,Indomalayan
IND.31.30_1,84,1.9306606369441213,1.4624533945619431,Hotspot (Oversampled),India,Tamil Nadu,Vellore,Indomalayan
ITA.8.4_1,0,664.1488910244337,-2.822918871337006,Coldspot (Undersampled),Italy,Lazio,Roma,Palearctic-West
ITA.17.2_1,10144,170.4401058612349,1.7721396251663437,Hotspot (Oversampled),Italy,Trentino-Alto Adige,Trento,Palearctic-West
JPN.12.41_1,100,1.6285412233803978,1.5846065813396522,Hotspot (Oversampled),Japan,Hokkaido,Hokuto,Palearctic-East
JPN.12.58_1,123,1.0106020797144468,1.790095557720182,Hotspot (Oversampled),Japan,Hokkaido,Kikonai,Palearctic-East
JPN.12.108_1,224,2.2822217959037134,1.8360145929840357,Hotspot (Oversampled),Japan,Hokkaido,Otaru,Palearctic-East
JPN.12.157_1,509,1.055628011627577,2.3946256490013225,Hotspot (Oversampled),Japan,Hokkaido,Tōbetsu,Palearctic-East
KEN.31.7_1,84,2.0589792971510334,1.4438423879788755,Hotspot (Oversampled),Kenya,Nakuru,Nakuru Town East,Afrotropic
KHM.8.1_2,660,17.28354644364423,1.5581410201928771,Hotspot (Oversampled),Cambodia,Kândal,Angk Snuol,Indomalayan
KHM.14.5_2,252,8.444706075644858,1.42793207418655,Hotspot (Oversampled),Cambodia,Môndól Kiri,Saen Monourom,Indomalayan
KOR.6.8_2,1284,35.80424731801195,1.5430051872455341,Hotspot (Oversampled),South Korea,Gangwon-do,Hwacheon,Palearctic-East
KOR.7.5_2,615,17.63228532876658,1.5193145859422217,Hotspot (Oversampled),South Korea,Gwangju,Seo,Palearctic-East
KOR.8.8_2,0,715.8186109031632,-2.8554092724738522,Coldspot (Undersampled),South Korea,Gyeonggi-do,Goyang,Palearctic-East
KOR.8.14_2,0,604.1631767765798,-2.7818724940218775,Coldspot (Undersampled),South Korea,Gyeonggi-do,Hanam,Palearctic-East
KOR.8.17_2,0,586.7529084191417,-2.769194786852288,Coldspot (Undersampled),South Korea,Gyeonggi-do,Namyangju,Palearctic-East
KOR.8.30_2,3049,46.01184812425575,1.81209251488924,Hotspot (Oversampled),South Korea,Gyeonggi-do,Yeoncheon,Palearctic-East
KOR.9.8_2,0,502.13556585917667,-2.7016850180024385,Coldspot (Undersampled),South Korea,Gyeongsangbuk-do,Gumi,Palearctic-East
KOR.10.2_2,0,700.8175521504028,-2.8462242255304893,Coldspot (Undersampled),South Korea,Gyeongsangnam-do,Changwon,Palearctic-East
KOR.10.18_2,0,596.3821430961603,-2.7762522365628723,Coldspot (Undersampled),South Korea,Gyeongsangnam-do,Yangsan,Palearctic-East
KOR.13.5_2,0,519.0782469670263,-2.7160686891531163,Coldspot (Undersampled),South Korea,Jeollabuk-do,Iksan,Palearctic-East
KOR.16.25_2,4418,122.64545945322698,1.5531458288683329,Hotspot (Oversampled),South Korea,Seoul,Yongsan,Palearctic-East
LAO.4.6_1,191,1.5094829945055814,1.883716971669101,Hotspot (Oversampled),Laos,Champasak,Pakxe,Indomalayan
LAO.8.1_1,262,5.752206635634703,1.590510024092724,Hotspot (Oversampled),Laos,Louangphrabang,Chomphet,Indomalayan
LKA.3.1_1,116,0.3360238455283964,1.9423716521927257,Hotspot (Oversampled),Sri Lanka,Badulla,Badulla,Indomalayan
MEX.5.14_2,182,0.4540609113665299,2.0998684900050124,Hotspot (Oversampled),México,Chiapas,Berriozábal,Neotropic-Upper
MEX.6.33_2,94,1.5716926670472402,1.5675045387740631,Hotspot (Oversampled),México,Chihuahua,Ignacio Zaragoza,Nearctic
MEX.6.34_2,148,3.012476688486933,1.5697737461372643,Hotspot (Oversampled),México,Chihuahua,Janos,Nearctic
MEX.8.7_2,600,4.554103119615185,2.034260533235223,Hotspot (Oversampled),México,Colima,Manzanillo,Neotropic-Upper
MEX.12.18_2,297,2.60419010044579,1.9174085746112657,Hotspot (Oversampled),México,Guerrero,Chilpancingo de los Bravo,Neotropic-Upper
MEX.12.46_2,391,0.7506688333358186,2.350082066829223,Hotspot (Oversampled),México,Guerrero,Leonardo Bravo,Neotropic-Upper
MEX.13.4_2,47,0.20608927790226378,1.5998617807611415,Hotspot (Oversampled),México,Hidalgo,Agua Blanca de Iturbide,Nearctic
MEX.13.37_2,213,1.0053374468402045,2.028226309625143,Hotspot (Oversampled),México,Hidalgo,Metztitlán,Nearctic
MEX.14.10_2,114,0.42146169993087534,1.907962677862686,Hotspot (Oversampled),México,Jalisco,Atenguillo,Neotropic-Upper
MEX.16.39_2,129,0.1815092047203314,2.0415062428905646,Hotspot (Oversampled),México,Michoacán,Huiramba,Neotropic-Upper
MEX.17.9_2,62,1.2986229413601624,1.4378728125978641,Hotspot (Oversampled),México,Morelos,Huitzilac,Neotropic-Upper
MEX.17.20_2,153,0.8924761780986779,1.9104902993937618,Hotspot (Oversampled),México,Morelos,Tepalcingo,Neotropic-Upper
MEX.19.8_2,185,3.7850864934370416,1.5896231518891852,Hotspot (Oversampled),México,Nuevo León,Cadereyta Jiménez,Nearctic
MEX.19.40_2,292,4.293264916136547,1.7431439903459927,Hotspot (Oversampled),México,Nuevo León,Monterrey,Nearctic
MEX.20.298_2,150,0.07715270582297293,2.14669967055501,Hotspot (Oversampled),México,Oaxaca,San Pablo Macuiltianguis,Neotropic-Upper
MEX.21.97_2,127,0.6894302508695995,1.8794697032722278,Hotspot (Oversampled),México,Puebla,Libres,Neotropic-Upper
MEX.24.7_2,116,1.1457456328355407,1.7366076244533613,Hotspot (Oversampled),México,San Luis Potosí,Catorce,Nearctic
MEX.24.55_2,102,1.1025171021827525,1.6900976876057858,Hotspot (Oversampled),México,San Luis Potosí,Villa Hidalgo,Nearctic
MEX.28.10_2,138,1.1460573283767312,1.8113734810094742,Hotspot (Oversampled),México,Tamaulipas,Cruillas,Nearctic
MEX.28.12_2,248,1.0563163494222587,2.083109418562498,Hotspot (Oversampled),México,Tamaulipas,Gómez Farías,Nearctic
MEX.30.4_2,255,1.2429940167054756,2.0574118502287755,Hotspot (Oversampled),México,Veracruz,Actopan,Neotropic-Upper
MEX.30.134_2,103,1.3493399251755773,1.6460874800574012,Hotspot (Oversampled),México,Veracruz,Perote,Neotropic-Upper
MEX.30.197_2,99,0.41981825074382745,1.8477672455823455,Hotspot (Oversampled),México,Veracruz,Ursulo Galván,Neotropic-Upper
MLI.9.5_1,0,926.2639337537489,-2.967203368079806,Coldspot (Undersampled),Mali,Timbuktu,Tombouctou,Palearctic-South
MNG.14.10_1,67,0.8140150936908116,1.5738680163772207,Hotspot (Oversampled),Mongolia,Hövsgöl,Khankh,Palearctic-Central
MNG.15.5_1,127,3.446598956872782,1.4591820078785465,Hotspot (Oversampled),Mongolia,Ömnögovi,Gurvan tes,Palearctic-East
MOZ.2.10_1,534,15.760851622534043,1.5040577005688065,Hotspot (Oversampled),Mozambique,Gaza,Massingir,Afrotropic
NAM.1.1_1,0,1326.5381253154985,-3.123047002353418,Coldspot (Undersampled),Namibia,!Karas,Berseba,Afrotropic
NAM.1.2_1,0,1358.9282491618449,-3.133515995270874,Coldspot (Undersampled),Namibia,!Karas,Karas,Afrotropic
NAM.1.3_1,0,1576.2432388598206,-3.197898674399679,Coldspot (Undersampled),Namibia,!Karas,Keetmanshoop Rural,Afrotropic
NAM.1.5_1,0,1200.0137158348052,-3.0795479671675663,Coldspot (Undersampled),Namibia,!Karas,Luderitz,Afrotropic
NAM.2.1_1,0,586.1790059385105,-2.768770519373866,Coldspot (Undersampled),Namibia,Erongo,Arandis,Afrotropic
NAM.2.2_1,0,727.9883039349652,-2.862720560447943,Coldspot (Undersampled),Namibia,Erongo,Daures,Afrotropic
NAM.2.3_1,0,706.2581874043584,-2.84957798366378,Coldspot (Undersampled),Namibia,Erongo,Karibib,Afrotropic
NAM.2.4_1,0,491.86726057205266,-2.692729970467299,Coldspot (Undersampled),Namibia,Erongo,Omaruru,Afrotropic
NAM.2.6_1,0,503.57054006078465,-2.7029218901321386,Coldspot (Undersampled),Namibia,Erongo,Walvisbay Rural,Afrotropic
NAM.3.1_1,0,1446.7604472912712,-3.16069670756126,Coldspot (Undersampled),Namibia,Hardap,Gibeon,Afrotropic
NAM.3.2_1,0,1736.6585945091522,-3.2399644527308893,Coldspot (Undersampled),Namibia,Hardap,Mariental Rural,Afrotropic
NAM.3.5_1,0,577.1836808579329,-2.762065829615221,Coldspot (Undersampled),Namibia,Hardap,Rehoboth Rural,Afrotropic
NAM.5.4_1,780,6.832890847503752,1.9987289592505748,Hotspot (Oversampled),Namibia,Khomas,Moses Garoeb,Afrotropic
NAM.5.9_1,0,2144.928542658547,-3.331615256285211,Coldspot (Undersampled),Namibia,Khomas,Windhoek Rural,Afrotropic
NAM.6.1_1,0,763.290877644015,-2.8832586760019443,Coldspot (Undersampled),Namibia,Kunene,Epupa,Afrotropic
NAM.6.2_1,0,791.7717119360553,-2.899148145047781,Coldspot (Undersampled),Namibia,Kunene,Kamanjab,Afrotropic
NAM.6.3_1,0,785.885187661865,-2.8959113702213615,Coldspot (Undersampled),Namibia,Kunene,Khorixas,Afrotropic
NAM.6.4_1,0,922.1198916367832,-2.96525810936276,Coldspot (Undersampled),Namibia,Kunene,Opuwo,Afrotropic
NAM.6.5_1,0,468.8839316644693,-2.671990593972152,Coldspot (Undersampled),Namibia,Kunene,Outjo,Afrotropic
NAM.8.1_1,0,579.4563786444301,-2.763769588026633,Coldspot (Undersampled),Namibia,Omaheke,Aminius,Afrotropic
NAM.8.7_1,0,855.7976402416426,-2.9328782617086677,Coldspot (Undersampled),Namibia,Omaheke,Steinhausen,Afrotropic
NAM.11.2_1,0,637.0338531358565,-2.8048437223576066,Coldspot (Undersampled),Namibia,Oshikoto,Guinas,Afrotropic
NAM.11.6_1,0,480.1549262339645,-2.682284936613092,Coldspot (Undersampled),Namibia,Oshikoto,Omuthiyagwipundi,Afrotropic
NAM.12.1_1,0,673.884623107702,-2.8292295330820445,Coldspot (Undersampled),Namibia,Otjozondjupa,Grootfontein,Afrotropic
NAM.12.3_1,0,653.4772759294508,-2.815894572033034,Coldspot (Undersampled),Namibia,Otjozondjupa,Okakarara,Afrotropic
NAM.12.4_1,0,1584.0499340607128,-3.200042948412088,Coldspot (Undersampled),Namibia,Otjozondjupa,Omatako,Afrotropic
NAM.12.5_1,0,751.6631206887323,-2.876600636807802,Coldspot (Undersampled),Namibia,Otjozondjupa,Otavi,Afrotropic
NAM.12.7_1,0,840.5327747294197,-2.925071034877439,Coldspot (Undersampled),Namibia,Otjozondjupa,Tsumkwe,Afrotropic
NGA.12.3_1,668,2.2835057857706382,2.3090883318857824,Hotspot (Oversampled),Nigeria,Edo,Esan Central,Afrotropic
NGA.12.6_1,766,2.625188278799787,2.3254647968156528,Hotspot (Oversampled),Nigeria,Edo,Esan West,Afrotropic
NLD.3.35_1,169,4.974091794398419,1.4541770299440406,Hotspot (Oversampled),Netherlands,Fryslân,Waadhoeke,Palearctic-West
NLD.10.15_1,76,0.5402770041168143,1.698891893594965,Hotspot (Oversampled),Netherlands,Overijssel,Oldenzaal,Palearctic-West
PAK.2.1_1,0,1378.9403711535551,-3.139860320431328,Coldspot (Undersampled),Pakistan,Balochistan,Kalat,Palearctic-Central
PAK.2.2_1,0,595.8468971364379,-2.7758629404153123,Coldspot (Undersampled),Pakistan,Balochistan,Makran,Palearctic-Central
PAK.2.4_1,0,612.9890888966964,-2.788160653430971,Coldspot (Undersampled),Pakistan,Balochistan,Quetta,Palearctic-Central
PAK.2.6_1,0,563.9398133715256,-2.752002182132813,Coldspot (Undersampled),Pakistan,Balochistan,Zhob,Palearctic-Central
Z06.6.1_1,0,544.5105176646072,-2.7368031283792953,Coldspot (Undersampled),Pakistan,Gilgit-Baltistan,Northern Areas,Palearctic-East
PAK.7.1_1,0,869.5977502074624,-2.9398175405221068,Coldspot (Undersampled),Pakistan,Punjab,Bahawalpur,Indomalayan
PAK.7.2_1,0,749.8505952439366,-2.8755535293927217,Coldspot (Undersampled),Pakistan,Punjab,Dera Ghazi Khan,Indomalayan
PAK.7.3_1,0,1066.035351947115,-3.0281788082728496,Coldspot (Undersampled),Pakistan,Punjab,Faisalabad,Indomalayan
PAK.7.4_1,0,1479.3771584084357,-3.1703723754951465,Coldspot (Undersampled),Pakistan,Punjab,Gujranwala,Indomalayan
PAK.7.5_1,0,1996.4689383990212,-3.30048003455084,Coldspot (Undersampled),Pakistan,Punjab,Lahore,Indomalayan
PAK.7.6_1,0,1413.120019522426,-3.150486270567186,Coldspot (Undersampled),Pakistan,Punjab,Multan,Indomalayan
PAK.7.7_1,0,1161.6883333419453,-3.0654633146857977,Coldspot (Undersampled),Pakistan,Punjab,Rawalpindi,Palearctic-Central
PAK.7.8_1,0,755.4318279828365,-2.878769794137183,Coldspot (Undersampled),Pakistan,Punjab,Sargodha,Indomalayan
PAK.8.1_1,0,1008.101624363148,-3.0039349052633764,Coldspot (Undersampled),Pakistan,Sindh,Hyderabad,Indomalayan
PAK.8.4_1,0,730.5006928877435,-2.8642147418313653,Coldspot (Undersampled),Pakistan,Sindh,Mirpur Khas,Indomalayan
PAK.8.6_1,0,645.2974953646291,-2.8104324728785315,Coldspot (Undersampled),Pakistan,Sindh,Sukkur,Indomalayan
PAN.7.6_1,3067,6.134397430190794,2.6334980567042097,Hotspot (Oversampled),Panama,Herrera,Pesé,Neotropic-Upper
PAN.9.4_1,905,5.477565895442459,2.145716357974724,Hotspot (Oversampled),Panama,Los Santos,Macaracas,Neotropic-Upper
PER.18.3_1,314,10.859950089767413,1.4242276923991486,Hotspot (Oversampled),Peru,Madre de Dios,Tambopata,Neotropic
PHL.47.6_1,219,0.44041391673714025,2.183935372112858,Hotspot (Oversampled),Philippines,Metropolitan Manila,Manila,Indomalayan
POL.3.10_1,204,2.960277761549323,1.7140282139994993,Hotspot (Oversampled),Poland,Łódzkie,Pabianice,Palearctic-West
POL.9.2_1,244,2.208716054823772,1.88283479708494,Hotspot (Oversampled),Poland,Podkarpackie,Brzozów,Palearctic-West
POL.9.10_1,108,2.285766939691782,1.5207897423703063,Hotspot (Oversampled),Poland,Podkarpackie,Lesko,Palearctic-West
POL.9.15_1,55,0.36903736195289283,1.611772726521179,Hotspot (Oversampled),Poland,Podkarpackie,Przemyśl (City),Palearctic-West
POL.9.21_1,381,3.874702875542933,1.8941152133273464,Hotspot (Oversampled),Poland,Podkarpackie,Sanok,Palearctic-West
POL.14.7_1,681,6.896976532687021,1.9363235272271404,Hotspot (Oversampled),Poland,Warmińsko-Mazurskie,Giżycko,Palearctic-West
PRT.13.8_1,153,1.1232601816639156,1.86051750550349,Hotspot (Oversampled),Portugal,Madeira,Ribeira Brava,Palearctic-South
PRY.8.6_1,5614,36.17235317102068,2.1791297059090406,Hotspot (Oversampled),Paraguay,Canindeyú,Villa Ygatimí,Neotropic
ROU.23.41_1,83,0.03635120614583344,1.9087723288732066,Hotspot (Oversampled),Romania,Hunedoara,Martinesti,Palearctic-West
RUS.5.12_1,390,9.12432677346037,1.5868106033651614,Hotspot (Oversampled),Russia,Astrakhan',Privolzhskiy rayon,Palearctic-Central
RUS.14.1_1,0,685.9984378868189,-2.8369557495516817,Coldspot (Undersampled),Russia,City of St. Petersburg,Sankt-Peterburg gorsovet,Palearctic-West
RUS.34.19_1,798,13.969800206053936,1.727330775229277,Hotspot (Oversampled),Russia,Krasnodar,Korenovskiy rayon,Palearctic-West
RUS.56.6_1,1413,22.92886231572375,1.7715273586430453,Hotspot (Oversampled),Russia,Primor'ye,Chuguevskiy rayon,Palearctic-East
RUS.56.14_1,1325,7.079056806855569,2.2151828622406917,Hotspot (Oversampled),Russia,Primor'ye,Khorol'skiy rayon,Palearctic-East
RUS.56.33_1,7979,5.2418732874508445,3.1066879432853463,Hotspot (Oversampled),Russia,Primor'ye,Yakovlevskiy rayon,Palearctic-East
RUS.68.33_1,1723,32.22731810730806,1.7150419722172252,Hotspot (Oversampled),Russia,Tatarstan,Nizhnekamskiy rayon,Palearctic-West
RUS.74.1_1,2961,4.627901087389863,2.7212385982544407,Hotspot (Oversampled),Russia,Udmurt,Alnashskiy rayon,Palearctic-West
SVK.3.3_1,397,7.1145248150075675,1.6906199793670722,Hotspot (Oversampled),Slovakia,Košický,Košice I,Palearctic-West
SVN.10.1_1,75,0.6330084350444453,1.6678251642594961,Hotspot (Oversampled),Slovenia,Savinjska,Bistrica ob Sotli,Palearctic-West
SWE.18.4_1,2714,84.24497520917552,1.50310104512535,Hotspot (Oversampled),Sweden,Västerbotten,Lycksele,Palearctic-North
SWE.18.12_1,3968,103.8826448200121,1.577977468506464,Hotspot (Oversampled),Sweden,Västerbotten,Umeå,Palearctic-North
SWE.18.13_1,601,11.520664818361317,1.6819691017380234,Hotspot (Oversampled),Sweden,Västerbotten,Vännäs,Palearctic-North
SWE.18.15_1,3611,40.31672311389543,1.941621871920383,Hotspot (Oversampled),Sweden,Västerbotten,Vindeln,Palearctic-North
THA.3.19_1,470,4.5405389727181555,1.9294688930336887,Hotspot (Oversampled),Thailand,Bangkok Metropolis,Huai Kwang,Indomalayan
THA.3.23_1,276,4.3830557126079945,1.7114508944404725,Hotspot (Oversampled),Thailand,Bangkok Metropolis,Khlong Toey,Indomalayan
THA.5.12_1,421,10.750777463232119,1.555245849305281,Hotspot (Oversampled),Thailand,Buri Ram,Muang Buri Ram,Indomalayan
THA.5.21_1,216,3.371090771902119,1.6958699085240851,Hotspot (Oversampled),Thailand,Buri Ram,Phutthaisong,Indomalayan
THA.21.5_1,410,4.646416010363902,1.8620689494201714,Hotspot (Oversampled),Thailand,Loei,Muang Loei,Indomalayan
THA.22.8_1,311,7.574602068970738,1.5609406196196969,Hotspot (Oversampled),Thailand,Lop Buri,Phatthana Nikhom,Indomalayan
THA.28.7_1,134,3.1426169111183633,1.5130589947622044,Hotspot (Oversampled),Thailand,Nakhon Phanom,Phon Sawan,Indomalayan
THA.32.5_1,288,2.094350303510886,1.9703283652386925,Hotspot (Oversampled),Thailand,Nan,K. Phu Pieng,Indomalayan
THA.34.6_1,686,3.4976477366994976,2.183971299298863,Hotspot (Oversampled),Thailand,Nong Bua Lam Phu,Suwan Khuha,Indomalayan
TUR.13.3_1,148,4.466817705679678,1.4354516760896503,Hotspot (Oversampled),Turkey,Bartın,Merkez,Palearctic-West
TUR.41.15_1,94,2.2199235357445635,1.4698780467602512,Hotspot (Oversampled),Turkey,Izmir,Karşıyaka,Palearctic-West
TUR.50.2_1,73,0.7281820194242224,1.6316422374512665,Hotspot (Oversampled),Turkey,Kirklareli,Demirköy,Palearctic-West
TUR.65.7_1,139,0.3151960462920045,2.0271375410450263,Hotspot (Oversampled),Turkey,Rize,Hemşin,Palearctic-West
TUR.75.18_1,97,0.9952720597793487,1.6912239546144554,Hotspot (Oversampled),Turkey,Trabzon,Yomra,Palearctic-West
TWN.1.2_1,138,3.2919251110014858,1.510362664817255,Hotspot (Oversampled),Taiwan,Fujian,Lienkiang,Indomalayan
TWN.3.1_1,0,822.9624358277368,-2.91590741280804,Coldspot (Undersampled),Taiwan,New Taipei,New Taipei,Indomalayan
TWN.4.1_1,0,2238.6880991235125,-3.350187542324771,Coldspot (Undersampled),Taiwan,Taichung,Taichung,Indomalayan
TWN.6.1_1,0,2386.130971392301,-3.377876247491276,Coldspot (Undersampled),Taiwan,Taipei,Taipei,Indomalayan
TWN.7.1_1,0,2249.402974717681,-3.352260293234029,Coldspot (Undersampled),Taiwan,Taiwan,Changhua,Indomalayan
TWN.7.5_1,0,796.0218904141169,-2.901470249571146,Coldspot (Undersampled),Taiwan,Taiwan,Hsinchu County,Indomalayan
TWN.7.8_1,0,524.3636196629194,-2.7204599955024267,Coldspot (Undersampled),Taiwan,Taiwan,Miaoli,Indomalayan
TWN.7.15_1,0,1904.3169995065577,-3.2799672423125434,Coldspot (Undersampled),Taiwan,Taiwan,Yulin,Indomalayan
TZA.1.9_1,0,1130.6841927840255,-3.0537252497617646,Coldspot (Undersampled),Tanzania,Arusha,Ngorongoro,Afrotropic
TZA.2.1_1,0,3001.1363813477287,-3.477430417527967,Coldspot (Undersampled),Tanzania,Dar es Salaam,Ilala,Afrotropic
TZA.2.2_1,0,865.6106738145426,-2.9378240338216064,Coldspot (Undersampled),Tanzania,Dar es Salaam,Kinondoni,Afrotropic
TZA.3.1_1,0,780.9644900744534,-2.8931870316853305,Coldspot (Undersampled),Tanzania,Dodoma,Bahi,Afrotropic
TZA.3.2_1,0,1179.7149565242664,-3.072145064632826,Coldspot (Undersampled),Tanzania,Dodoma,Chamwino,Afrotropic
TZA.3.3_1,0,880.0031555908862,-2.9449774639776036,Coldspot (Undersampled),Tanzania,Dodoma,Chemba,Afrotropic
TZA.3.4_1,0,1381.4340708281673,-3.1406444286868496,Coldspot (Undersampled),Tanzania,Dodoma,Dodoma Urban,Afrotropic
TZA.3.5_1,0,643.5396705158896,-2.809249652730436,Coldspot (Undersampled),Tanzania,Dodoma,Kondoa,Afrotropic
TZA.3.7_1,0,897.5469704567006,-2.953540784257437,Coldspot (Undersampled),Tanzania,Dodoma,Mpwapwa,Afrotropic
TZA.4.1_1,0,648.1902611842779,-2.8123719961424065,Coldspot (Undersampled),Tanzania,Geita,Bukombe,Afrotropic
TZA.4.2_1,0,568.9855125530024,-2.755863817254513,Coldspot (Undersampled),Tanzania,Geita,Chato,Afrotropic
TZA.4.3_1,0,1111.7586175337035,-3.046400966273224,Coldspot (Undersampled),Tanzania,Geita,Geita,Afrotropic
TZA.5.5_1,0,987.0104722148841,-2.9947615478275416,Coldspot (Undersampled),Tanzania,Iringa,Mufindi,Afrotropic
TZA.6.1_1,0,954.82921229527,-2.9803802994059194,Coldspot (Undersampled),Tanzania,Kagera,Biharamulo,Afrotropic
TZA.6.4_1,0,635.0601590437909,-2.803498193486736,Coldspot (Undersampled),Tanzania,Kagera,Karagwe,Afrotropic
TZA.6.6_1,0,917.9354624213012,-2.9632850116053637,Coldspot (Undersampled),Tanzania,Kagera,Lake Victoria,Afrotropic
TZA.6.7_1,0,497.3986931584588,-2.697576894897473,Coldspot (Undersampled),Tanzania,Kagera,Missenyi,Afrotropic
TZA.6.8_1,0,512.0367468514007,-2.710148473071344,Coldspot (Undersampled),Tanzania,Kagera,Muleba,Afrotropic
TZA.6.9_1,0,569.8538288024539,-2.7565249182787035,Coldspot (Undersampled),Tanzania,Kagera,Ngara,Afrotropic
TZA.8.4_1,0,1008.813069733652,-3.0042409873502307,Coldspot (Undersampled),Tanzania,Kigoma,Kasulu,Afrotropic
TZA.8.5_1,0,982.5931268673421,-2.9928154853228652,Coldspot (Undersampled),Tanzania,Kigoma,Kibondo,Afrotropic
TZA.8.8_1,0,844.7824127564867,-2.927258650162712,Coldspot (Undersampled),Tanzania,Kigoma,Lake Tanganyika,Afrotropic
TZA.8.9_1,0,1051.2708162012057,-3.022127525792736,Coldspot (Undersampled),Tanzania,Kigoma,Uvinza,Afrotropic
TZA.9.6_1,0,756.9021774507659,-2.879613154794435,Coldspot (Undersampled),Tanzania,Kilimanjaro,Same,Afrotropic
TZA.10.1_1,0,1575.4696884304299,-3.197685624767426,Coldspot (Undersampled),Tanzania,Lindi,Kilwa,Afrotropic
TZA.10.2_1,0,852.0997103046493,-2.9309997944785837,Coldspot (Undersampled),Tanzania,Lindi,Lindi Rural,Afrotropic
TZA.10.5_1,0,681.0000738216331,-2.833784421665755,Coldspot (Undersampled),Tanzania,Lindi,Nachingwea,Afrotropic
TZA.11.7_1,0,1608.2175725667785,-3.20661476639681,Coldspot (Undersampled),Tanzania,Manyara,Simanjiro,Afrotropic
TZA.12.1_1,0,560.1393815233191,-2.7490707491491713,Coldspot (Undersampled),Tanzania,Mara,Bunda,Afrotropic
TZA.12.3_1,0,890.5757408034368,-2.950158243098313,Coldspot (Undersampled),Tanzania,Mara,Lake Victoria,Afrotropic
TZA.13.1_1,0,1227.271864751212,-3.089294503852071,Coldspot (Undersampled),Tanzania,Mbeya,Chunya,Afrotropic
TZA.13.6_1,0,632.2255815228746,-2.801558451499552,Coldspot (Undersampled),Tanzania,Mbeya,Mbeya Rural,Afrotropic
TZA.14.5_1,16652,72.86263503630565,2.353067685082161,Hotspot (Oversampled),Tanzania,Morogoro,Morogoro Urban,Afrotropic
TZA.14.7_1,0,1645.0463079785632,-3.216442048990869,Coldspot (Undersampled),Tanzania,Morogoro,Ulanga,Afrotropic
TZA.15.2_1,0,603.5072033011202,-2.7814014802758464,Coldspot (Undersampled),Tanzania,Mtwara,Masasi,Afrotropic
TZA.15.3_1,0,594.0976062539787,-2.77458820334364,Coldspot (Undersampled),Tanzania,Mtwara,Mtwara Rural,Afrotropic
TZA.15.5_1,0,720.4001219408775,-2.858176211392721,Coldspot (Undersampled),Tanzania,Mtwara,Nanyumbu,Afrotropic
TZA.16.2_1,0,547.7554638305979,-2.739378857440912,Coldspot (Undersampled),Tanzania,Mwanza,Kwimba,Afrotropic
TZA.16.3_1,0,1902.163584023149,-3.2794761191253077,Coldspot (Undersampled),Tanzania,Mwanza,Lake Victoria,Afrotropic
TZA.16.5_1,0,473.7127566715265,-2.6764309024106123,Coldspot (Undersampled),Tanzania,Mwanza,Misungwi,Afrotropic
TZA.16.7_1,0,587.1323864251825,-2.7694750951620715,Coldspot (Undersampled),Tanzania,Mwanza,Sengerema,Afrotropic
TZA.20.4_1,0,997.4447520968915,-2.9993240386375857,Coldspot (Undersampled),Tanzania,Pwani,Kisarawe,Afrotropic
TZA.20.6_1,0,844.5033046034134,-2.9271153093533027,Coldspot (Undersampled),Tanzania,Pwani,Mkuranga,Afrotropic
TZA.21.1_1,0,741.3124688764777,-2.870586755606934,Coldspot (Undersampled),Tanzania,Rukwa,Kalambo,Afrotropic
TZA.21.3_1,0,493.7323783161892,-2.69437033418448,Coldspot (Undersampled),Tanzania,Rukwa,Lake Tanganyika,Afrotropic
TZA.22.6_1,0,1868.7876561621874,-3.271792288358246,Coldspot (Undersampled),Tanzania,Ruvuma,Tunduru,Afrotropic
TZA.23.2_1,0,990.7314703332477,-2.9963940947955954,Coldspot (Undersampled),Tanzania,Shinyanga,Kahama,Afrotropic
TZA.23.3_1,0,622.6068084403319,-2.7949108481010327,Coldspot (Undersampled),Tanzania,Shinyanga,Kishapu,Afrotropic
TZA.23.4_1,0,584.1475328398736,-2.767265378253591,Coldspot (Undersampled),Tanzania,Shinyanga,Shinyanga Rural,Afrotropic
TZA.24.1_1,0,663.7045708368474,-2.822628665207713,Coldspot (Undersampled),Tanzania,Simiyu,Bariadi,Afrotropic
TZA.24.3_1,0,472.574268729329,-2.6753880973203317,Coldspot (Undersampled),Tanzania,Simiyu,Itilima,Afrotropic
TZA.24.6_1,0,613.6319367889226,-2.788615122810768,Coldspot (Undersampled),Tanzania,Simiyu,Maswa,Afrotropic
TZA.24.7_1,0,724.8737468051962,-2.8608610892482926,Coldspot (Undersampled),Tanzania,Simiyu,Meatu,Afrotropic
TZA.25.1_1,0,1027.1090485660707,-3.0120391814674172,Coldspot (Undersampled),Tanzania,Singida,Ikungi,Afrotropic
TZA.25.2_1,0,635.92706389242,-2.804089703037676,Coldspot (Undersampled),Tanzania,Singida,Iramba,Afrotropic
TZA.31.8_1,0,714.1018567902933,-2.8543679057051565,Coldspot (Undersampled),Tanzania,Songwe,Mbozi,Afrotropic
TZA.31.9_1,0,560.0261018585924,-2.7489830673692586,Coldspot (Undersampled),Tanzania,Songwe,Momba,Afrotropic
TZA.31.1_1,0,723.4503305124703,-2.8600086148950967,Coldspot (Undersampled),Tanzania,Songwe,Songwe,Afrotropic
TZA.26.1_1,0,1026.3287500254046,-3.011709442112658,Coldspot (Undersampled),Tanzania,Tabora,Igunga,Afrotropic
TZA.26.2_1,0,1647.9498718306022,-3.2172074532683728,Coldspot (Undersampled),Tanzania,Tabora,Kaliua,Afrotropic
TZA.26.3_1,0,1254.0346672158175,-3.0986557222892412,Coldspot (Undersampled),Tanzania,Tabora,Nzega,Afrotropic
TZA.26.4_1,0,1914.9348900705231,-3.282380746202048,Coldspot (Undersampled),Tanzania,Tabora,Sikonge,Afrotropic
TZA.26.6_1,0,557.8675139969284,-2.747308865561662,Coldspot (Undersampled),Tanzania,Tabora,Urambo,Afrotropic
TZA.26.7_1,0,1434.157567216326,-3.1568995852622868,Coldspot (Undersampled),Tanzania,Tabora,Uyui,Afrotropic
TZA.27.6_1,0,498.66317511501944,-2.6986773433716222,Coldspot (Undersampled),Tanzania,Tanga,Lushoto,Afrotropic
UKR.25.8_1,424,1.2169813092884385,2.282626898328296,Hotspot (Oversampled),Ukraine,Volyn,Liuboml's'ky,Palearctic-West
UKR.25.11_1,1256,0.7797617746844818,2.848973402828664,Hotspot (Oversampled),Ukraine,Volyn,Luts'kyi,Palearctic-West
USA.2.26_1,0,661.5348027975804,-2.821208696595188,Coldspot (Undersampled),United States,Alaska,Yukon-Koyukuk,Nearctic-Upper
USA.3.3_1,8313,243.19512681594077,1.5320730273019691,Hotspot (Oversampled),United States,Arizona,Coconino,Nearctic
USA.5.20_1,6668,75.62193673323566,1.9397075921948925,Hotspot (Oversampled),United States,California,Madera,Nearctic
USA.5.26_1,1321,42.717807270638694,1.4805730839886824,Hotspot (Oversampled),United States,California,Mono,Nearctic
USA.6.16_1,3104,19.94943238785305,2.170889343996098,Hotspot (Oversampled),United States,Colorado,Delta,Nearctic
USA.6.34_1,7466,32.56093477308453,2.3473121025941586,Hotspot (Oversampled),United States,Colorado,La Plata,Nearctic
USA.6.37_1,4198,55.9722083478342,1.8674828208001721,Hotspot (Oversampled),United States,Colorado,Las Animas,Nearctic
USA.6.40_1,4138,68.6265118387698,1.774120788041498,Hotspot (Oversampled),United States,Colorado,Mesa,Nearctic
USA.6.44_1,1052,37.644953421140976,1.4353355830074692,Hotspot (Oversampled),United States,Colorado,Montrose,Nearctic
USA.6.46_1,1093,22.445867019815044,1.6689510245702686,Hotspot (Oversampled),United States,Colorado,Otero,Nearctic
USA.10.48_1,0,557.2488725791859,-2.7468278546577025,Coldspot (Undersampled),United States,Florida,Orange,Nearctic
USA.11.41_1,900,8.419499479456801,1.9806969645221866,Hotspot (Oversampled),United States,Georgia,Dade,Nearctic
USA.11.67_1,0,510.77833023478166,-2.7090818930034963,Coldspot (Undersampled),United States,Georgia,Gwinnett,Nearctic
USA.14.16_1,0,746.1059594191851,-2.8733822006475895,Coldspot (Undersampled),United States,Illinois,Cook,Nearctic
USA.14.22_1,0,496.7708197237286,-2.697029433846679,Coldspot (Undersampled),United States,Illinois,Dupage,Nearctic
USA.14.100_1,0,511.6048650411488,-2.709782723679085,Coldspot (Undersampled),United States,Illinois,Will,Nearctic
USA.21.16_1,0,517.8058443713619,-2.7150048597866303,Coldspot (Undersampled),United States,Maryland,Prince George's,Nearctic
USA.27.7_1,9985,40.8948880622966,2.3772305273393433,Hotspot (Oversampled),United States,Montana,Cascade,Nearctic
USA.27.12_1,1430,17.04291189621853,1.8993330052984614,Hotspot (Oversampled),United States,Montana,Deer Lodge,Nearctic
USA.27.18_1,1536,33.65407633937259,1.6469195397331537,Hotspot (Oversampled),United States,Montana,Glacier,Nearctic
USA.27.23_1,3812,18.632469070956674,2.288291883337439,Hotspot (Oversampled),United States,Montana,Judith Basin,Nearctic
USA.27.24_1,8813,23.79639919893922,2.550784426701296,Hotspot (Oversampled),United States,Montana,Lake,Nearctic
USA.27.33_1,8159,22.225391831557072,2.5457271091195013,Hotspot (Oversampled),United States,Montana,Musselshell,Nearctic
USA.27.37_1,6584,14.988622829894357,2.614744721626312,Hotspot (Oversampled),United States,Montana,Pondera,Nearctic
USA.27.39_1,3746,21.20105061669271,2.2273101661100103,Hotspot (Oversampled),United States,Montana,Powell,Nearctic
USA.27.47_1,4967,17.35493887073655,2.4324286446998613,Hotspot (Oversampled),United States,Montana,Silver Bow,Nearctic
USA.29.11_1,5035,44.16732675277756,2.047261334015304,Hotspot (Oversampled),United States,Nevada,Lyon,Nearctic
USA.29.12_1,5354,38.658968485516354,2.130418060983767,Hotspot (Oversampled),United States,Nevada,Mineral,Nearctic
USA.32.16_1,449,4.089232661924671,1.9465602080228361,Hotspot (Oversampled),United States,New Mexico,Los Alamos,Nearctic
USA.32.24_1,3030,112.63823982649299,1.4260614381696062,Hotspot (Oversampled),United States,New Mexico,San Juan,Nearctic
USA.32.31_1,1404,38.294343623305814,1.5533462855701239,Hotspot (Oversampled),United States,New Mexico,Torrance,Nearctic
USA.36.25_1,0,477.6270741606709,-2.679997261402403,Coldspot (Undersampled),United States,Ohio,Franklin,Nearctic
USA.38.26_1,3195,83.46352540711331,1.5779375662395092,Hotspot (Oversampled),United States,Oregon,Multnomah,Nearctic
USA.39.31_1,1156,28.80650925516478,1.5890222416909707,Hotspot (Oversampled),United States,Pennsylvania,Huntingdon,Nearctic
USA.44.15_1,0,496.341525257677,-2.6966547219255093,Coldspot (Undersampled),United States,Texas,Bexar,Nearctic
USA.44.57_1,0,1253.3506166148695,-3.098418947641197,Coldspot (Undersampled),United States,Texas,Dallas,Nearctic
USA.44.63_1,561,9.74677353499309,1.7184582184124613,Hotspot (Oversampled),United States,Texas,Dickens,Nearctic
USA.44.64_1,4241,42.56794063645261,1.9884036319326939,Hotspot (Oversampled),United States,Texas,Dimmit,Nearctic
USA.44.122_1,1001,23.3826902220193,1.6137861004735623,Hotspot (Oversampled),United States,Texas,Jeff Davis,Nearctic
USA.44.135_1,717,8.55395223886394,1.8759413783698746,Hotspot (Oversampled),United States,Texas,King,Nearctic
USA.44.139_1,2444,48.85276838026264,1.6905895832815947,Hotspot (Oversampled),United States,Texas,La Salle,Nearctic
USA.44.140_1,1318,38.35605127885404,1.5252332777848392,Hotspot (Oversampled),United States,Texas,Lamar,Nearctic
USA.44.160_1,1001,15.681003770733113,1.7786455409984379,Hotspot (Oversampled),United States,Texas,McCulloch,Nearctic
USA.44.220_1,0,1017.5483442061411,-3.007981647105142,Coldspot (Undersampled),United States,Texas,Tarrant,Nearctic
USA.45.12_1,1895,30.56099451592599,1.7786876532310218,Hotspot (Oversampled),United States,Utah,Juab,Nearctic
USA.45.23_1,3703,90.54793331013019,1.6070224334370342,Hotspot (Oversampled),United States,Utah,Tooele,Nearctic
VEN.8.8_1,174,4.729373471763834,1.4849309158345467,Hotspot (Oversampled),Venezuela,Cojedes,Romulo Gallegos,Neotropic
VEN.19.5_1,496,8.019033697200832,1.7411963791796374,Hotspot (Oversampled),Venezuela,Portuguesa,Guanarito,Neotropic
VNM.18.12_1,275,1.7936524176537867,1.994736711240979,Hotspot (Oversampled),Vietnam,Đồng Tháp,Tháp Mười,Indomalayan
VNM.21.15_1,152,1.2719699406088285,1.8282888496915026,Hotspot (Oversampled),Vietnam,Gia Lai,Mang Yang,Indomalayan
VNM.27.12_1,69,1.2002135509166507,1.5026332048812625,Hotspot (Oversampled),Vietnam,Hà Nội,Hai Bà Trưng,Indomalayan
VNM.27.14_1,192,0.6445241672100979,2.069517048939865,Hotspot (Oversampled),Vietnam,Hà Nội,Hoàn Kiếm,Indomalayan
VNM.23.12_1,115,0.3464210811437649,1.9352770863833826,Hotspot (Oversampled),Vietnam,Hải Phòng,Ngô Quyền,Indomalayan
VNM.57.27_1,67,1.2781926853473793,1.474918459581167,Hotspot (Oversampled),Vietnam,Thanh Hóa,Yên Định,Indomalayan
ZAF.3.1_1,0,690.364855533288,-2.839707299076951,Coldspot (Undersampled),South Africa,Gauteng,City of Johannesburg,Afrotropic
ZAF.8.4_1,0,489.35941080448333,-2.6905145145422162,Coldspot (Undersampled),South Africa,Northern Cape,Pixley ka Seme,Afrotropic
